{
  "A01.gif": {
    "cutline_override": [[-36, 84],[-36, 80], [34, 80], [34, 84], [-36, 84]]
  },
  "A02.gif": {
    "cutline_override": [[34, 84],[34, 80], [104, 80], [104, 84], [34, 84]]
  },
  "A05.gif": {
    "cutline_override": [[-106, 84],[-106, 80], [-36, 80], [-36, 84], [-106, 84]]
  },
  "C09.gif": {
    "cutline_override": [[-158, 72],[-158, 64],[-132,64],[-132,72],[-158, 72]]
  },
  "D01.gif": {
    "cutline_override": [[-24, 64],[-22, 56], [0, 56], [0, 64], [-24, 64]]
  },
  "E01.gif": {
    "cutline_override": [[-13.7333333, 60],[-11.9, 48],[2, 48], [2, 60], [-13.7333333, 60]]
  },
  "E15.gif": {
    "cutline_override": [[-134.6666667, 56],[-132.75, 48], [-114, 48], [-114, 56], [-134.6666667, 56]]
  },
  "E19.gif": {
    "cutline_override": [[-68, 56], [-68, 48], [-52, 48], [-52, 56], [-68, 56]]
  },
  "J24.gif": {
    "cutline_override": [[-109, 24], [-109, 16], [-98, 16], [-98, 15.5333333], [-97, 15.5], [-97, 24], [-109, 24]]
  },
  "J25.gif": {
    "cutline_override": [[-97, 24], [-97, 15.5], [-95, 15.5], [-95, 16], [-85, 16], [-85, 24], [-97, 24]]
  },
  "G19.gif": {
    "cutline_override": [[-111, 40], [-111, 31], [-100, 31], [-100, 40], [-111, 40]]
  }
}

